{
	"mean_input":[
		0.4248325358851675,
		0.6633014354066985,
		0.7660287081339713,
		0.38632535885167457
	],
	"std_input":[
		0.14740738844133985,
		0.21963499013627244,
		0.12080347652742253,
		0.223665034099738
	],
	"mean_output":9.942373205741626e1,
	"std_output":8.679405179152198e1
}