{
	"mean_input":[
		0.42311004784688994,
		0.6703827751196173,
		0.7659138755980861,
		0.3848325358851674
	],
	"std_input":[
		0.1443166668519187,
		0.22063903450665956,
		0.12587544304713041,
		0.23363508218723178
	],
	"mean_output":9.509779904306221e1,
	"std_output":8.686656559464879e1
}