{
	"mean_input":[
		0.42416267942583735,
		0.6779425837320574,
		0.7666937799043061,
		0.38777511961722483
	],
	"std_input":[
		0.14861667374781026,
		0.21400727107306047,
		0.12152707046314895,
		0.2158502689568852
	],
	"mean_output":9.663277511961722e1,
	"std_output":8.185328683871006e1
}