{
	"mean_input":[
		0.4075565610859728,
		0.6439366515837104,
		0.7581051131221719,
		0.4386928221641252
	],
	"std_input":[
		0.14819337095630444,
		0.2221084410937612,
		0.14087348207010192,
		0.2673956336413522
	],
	"mean_output":9.562941176470588e1,
	"std_output":8.848028601238936e1
}