{
	"mean_input":[
		0.4112217194570136,
		0.6561538461538461,
		0.764458959276018,
		0.4424370364035825
	],
	"std_input":[
		0.14280581436702788,
		0.2158685497455124,
		0.12383145969165714,
		0.2536812986125243
	],
	"mean_output":9.849000000000001e1,
	"std_output":8.602186815519117e1
}