{
	"mean_input":[
		0.3994570135746606,
		0.6534389140271493,
		0.7598396832579186,
		0.4405296884741197
	],
	"std_input":[
		0.14688794185347484,
		0.21540222866808723,
		0.1382609673847682,
		0.2617618596612205
	],
	"mean_output":9.677823529411765e1,
	"std_output":8.424875996421562e1
}